age,gender,bmi,children,smoker,region,expenses
22,male,31.9,1,no,northwest,7541.54
35,male,25.6,2,no,northeast,5575.54
51,male,31.9,0,yes,southeast,21151.11
18,male,34.4,1,no,northwest,3916.99
31,female,41.4,1,no,northwest,6726.41
19,female,21.7,0,no,southeast,2713.98
43,female,30.6,4,no,northwest,9795.41
41,male,25.7,1,no,northwest,4670.93
60,male,21.8,0,no,southwest,10986.5
26,male,23.3,2,yes,southwest,3697.09
28,male,24.9,0,no,northwest,9740.45
63,male,36.8,1,no,northwest,14013.96
49,female,24.1,1,yes,southwest,24489.49
32,female,17.4,2,yes,northeast,19410.78
42,female,32.1,2,no,southwest,15320.26
36,male,31.3,1,no,northwest,9992.68
59,male,47.2,1,no,northwest,12806.25
29,male,24.9,1,yes,southwest,25308.01
53,male,32.6,2,yes,northwest,3891.24
55,male,21.2,0,yes,southeast,14403.72
49,female,17.4,0,no,southwest,8622.1
21,male,32.6,0,no,northwest,4170.46
49,male,25.6,1,no,northwest,9204.75
35,male,29.1,2,no,southeast,6196.13
20,female,23.4,2,no,northwest,6250.34
58,female,23.8,0,no,northwest,11578.65
34,male,32.6,2,no,southeast,5550.41
25,male,39.8,0,no,southwest,16395.26
25,male,38.8,2,yes,southeast,34896.4
61,female,24.1,2,yes,northwest,24471.5
41,male,28.8,0,no,northwest,12440.24
52,female,26.7,4,yes,southwest,28376.87
36,male,28.6,1,no,northwest,12434.99
26,female,25.9,0,no,northwest,3388.29
62,male,33.4,0,no,southeast,13076.9
41,male,34.1,0,no,southeast,6178.54
23,male,32.5,0,yes,northeast,18519.91
27,male,37.4,2,yes,southwest,9345.18
23,male,35.1,1,yes,northwest,45208.82
23,female,23.8,1,no,northeast,5535.16
58,female,28.4,2,yes,northeast,13046.36
37,female,39.0,2,no,northwest,9095.26
51,male,24.4,3,no,northeast,20293.34
63,female,30.4,3,no,southeast,3878.62
55,male,38.6,3,no,northeast,10533.01
64,female,36.2,0,yes,southwest,28138.83
36,female,42.1,1,no,northwest,9869.23
32,female,28.3,0,no,northwest,13626.55
38,female,38.6,0,no,southeast,3879.75
63,female,32.3,2,no,northeast,26685.12
50,male,39.6,2,no,southwest,9361.55
59,male,26.0,0,no,northwest,7511.68
59,male,25.1,4,no,northwest,6812.22
28,male,21.0,0,no,southeast,2069.32
33,male,32.0,3,no,southwest,12272.52
31,female,29.5,3,yes,northeast,17986.22
36,female,28.1,1,yes,southeast,20101.28
38,male,23.8,2,no,northwest,8372.57
48,male,31.4,0,no,southwest,9386.24
63,male,30.4,3,no,northwest,4177.06
28,female,17.4,0,yes,northeast,42779.73
33,male,45.9,2,yes,southwest,38804.39
32,female,24.0,0,no,southwest,13039.66
31,female,43.6,2,no,southeast,14389.0
41,female,28.8,4,no,northeast,19943.06
29,female,27.9,2,yes,southeast,23702.29
48,female,21.8,2,no,northwest,12156.59
61,female,37.5,3,no,northwest,6332.54
64,male,41.5,0,no,northeast,52282.81
54,male,35.0,2,no,southeast,2460.07
24,male,26.0,0,no,southwest,27811.59
58,female,22.7,0,no,southwest,14439.61
18,female,21.2,0,no,northeast,9879.9
30,male,36.9,3,no,southeast,5932.95
47,female,35.5,0,no,northwest,11360.05
35,female,47.3,2,no,northwest,35514.02
39,female,28.7,2,no,northwest,18961.09
61,female,43.3,0,no,southwest,13322.07
61,male,36.1,0,no,northwest,2074.99
57,male,28.9,3,no,northwest,8850.01
41,male,31.3,0,no,northwest,2623.07
31,female,28.3,2,no,northeast,12296.8
53,female,33.6,3,no,northeast,10918.33
24,male,31.3,2,no,northeast,7847.59
18,male,31.0,5,no,southeast,11383.15
27,male,17.3,3,yes,northwest,25747.3
26,female,35.3,0,no,northeast,2191.64
46,male,36.1,2,yes,southeast,13331.38
50,female,22.6,0,no,northwest,4688.54
63,male,30.4,2,yes,southeast,43768.11
59,male,32.1,1,yes,northwest,13867.26
38,female,35.3,0,no,southwest,5547.81
34,male,22.9,0,no,northeast,1964.02
41,female,33.9,0,no,northeast,10659.72
57,male,30.2,1,no,southwest,10201.88
47,male,33.8,2,no,northwest,9922.55
28,female,37.4,1,no,northeast,11041.8
53,female,26.6,3,no,northwest,25205.05
41,female,38.7,0,no,southwest,2161.99
62,female,27.9,2,no,southwest,5260.16
41,male,22.8,1,no,southwest,3859.28
21,male,28.9,0,yes,northeast,27939.15
49,female,23.1,0,no,northwest,1721.94
40,female,17.4,3,no,northwest,8006.41
20,female,33.3,2,no,southwest,1793.23
31,male,26.9,0,yes,southwest,21993.19
38,male,22.4,2,no,northeast,6498.22
63,female,25.8,3,yes,northeast,14296.31
60,male,29.2,4,no,southwest,9793.96
32,female,29.8,0,yes,northwest,16455.79
54,female,33.3,0,yes,northeast,38429.23
51,female,41.5,0,no,southeast,9845.6
18,male,35.0,0,no,northeast,13020.23
44,male,25.6,2,no,southwest,6716.65
50,male,34.1,2,no,northwest,9955.99
25,female,31.9,0,no,southeast,2857.39
46,male,32.4,0,no,southeast,11800.37
38,female,37.1,2,no,northwest,4273.85
39,female,25.9,2,no,northwest,3935.18
47,female,26.1,2,no,southeast,8551.5
24,female,26.2,0,no,northeast,8146.91
47,male,24.5,0,yes,southwest,39547.27
25,male,30.1,3,yes,northwest,24577.57
34,female,31.3,0,no,northeast,7301.28
40,female,30.1,0,no,northwest,2687.7
35,female,22.3,2,no,northwest,12349.83
49,male,35.2,0,no,northwest,24775.26
31,male,40.0,0,yes,southeast,49295.26
60,male,27.2,0,no,northeast,1890.01
62,female,31.9,3,no,northwest,9112.86
24,female,31.7,0,no,southwest,12286.54
21,male,35.9,1,no,northeast,10987.51
61,male,33.2,0,no,northwest,2103.84
24,male,33.9,1,no,northeast,2851.67
28,female,27.8,2,no,southwest,10649.83
26,female,17.3,0,no,northeast,4557.96
31,male,28.4,0,no,southwest,1859.3
36,female,39.1,1,no,southeast,14090.84
49,female,20.8,2,no,northwest,5079.65
52,male,32.1,3,no,northeast,9588.05
61,male,38.4,1,no,southeast,6603.19
34,male,33.3,1,no,northwest,1885.45
54,male,43.3,3,yes,northwest,35540.5
30,male,27.5,1,no,northwest,13328.4
53,female,23.7,5,no,northeast,11235.8
43,female,23.3,1,no,southwest,8656.29
61,male,28.6,0,no,northeast,3251.57
25,female,28.0,1,no,southwest,13222.04
58,male,35.0,0,no,northwest,8776.24
53,male,17.4,1,no,northeast,9774.91
42,male,36.8,0,yes,southeast,38315.79
63,female,33.2,2,no,northwest,5148.52
19,female,36.6,0,no,northeast,12165.99
25,female,27.6,2,no,southwest,4703.16
24,male,33.8,1,no,southeast,37942.11
48,male,31.2,1,no,northwest,2748.32
62,male,31.3,0,no,southeast,3550.36
54,male,31.0,0,no,northwest,23642.97
48,female,33.3,0,no,northwest,12337.98
22,male,20.8,0,no,southwest,8735.68
34,male,47.4,0,no,southeast,10886.08
62,female,21.8,0,no,northeast,7834.77
45,female,24.0,0,no,northwest,30150.7
64,female,33.9,5,no,southwest,4280.18
30,male,37.4,0,no,northwest,2049.79
23,male,20.3,5,no,southeast,22238.11
61,male,28.6,0,no,northeast,2681.51
47,male,32.4,0,no,southeast,13307.54
31,male,31.6,2,no,northwest,7836.87
52,male,41.3,0,no,southeast,19389.52
59,female,26.0,5,no,southeast,6060.18
40,female,34.9,1,no,southeast,9095.18
49,male,37.4,3,yes,northeast,43853.92
31,female,25.6,1,no,northwest,2298.38
40,female,27.6,2,no,northwest,12266.55
62,female,27.6,0,no,northeast,13502.5
31,male,38.5,3,no,northwest,6487.19
56,female,29.5,0,yes,southeast,6418.56
61,male,33.9,0,no,northwest,12707.8
37,male,43.3,0,no,southeast,1906.91
50,male,31.1,0,no,southwest,12272.06
57,female,23.6,0,no,northwest,1711.55
20,male,25.8,1,no,northeast,7465.41
60,female,17.4,1,no,southeast,4222.2
26,male,27.9,0,no,northwest,1749.42
45,female,29.8,3,no,southeast,8459.92
59,female,25.5,1,no,southeast,23320.89
41,male,47.3,1,no,southwest,8507.93
40,female,27.4,3,no,northwest,5563.07
54,male,17.4,0,yes,northeast,10842.74
33,male,37.1,0,no,southwest,11350.46
33,male,26.2,1,no,northeast,4010.37
36,male,33.4,0,no,northwest,6163.8
59,male,36.4,1,no,northeast,7884.18
32,female,25.6,2,no,southeast,14594.32
33,male,23.9,2,no,northeast,12104.5
36,female,30.1,0,no,southeast,9236.66
56,male,30.3,4,no,southwest,2829.33
59,female,26.6,2,no,northwest,3804.03
18,male,31.2,1,no,northeast,2100.92
39,male,30.2,0,no,northwest,34740.18
21,male,29.1,0,no,southwest,2083.09
21,male,36.6,1,no,northwest,5924.14
32,male,29.0,1,yes,northeast,16348.68
27,female,21.0,1,no,southeast,2489.9
38,male,28.9,1,no,northeast,11200.41
22,male,31.8,1,no,southeast,35694.16
54,female,26.1,0,no,southwest,1537.54
54,male,34.1,3,no,northeast,14160.28
31,female,37.1,2,no,northeast,4149.39
52,female,40.9,3,yes,southwest,18930.43
59,male,25.7,3,no,southwest,12196.76
54,male,34.3,0,no,northeast,2197.49
40,female,36.2,0,no,southeast,7375.83
25,male,23.0,3,yes,northeast,25752.85
59,female,24.9,4,no,southeast,3022.54
38,female,26.2,1,yes,northeast,14592.24
26,male,23.9,0,no,northwest,11481.41
58,male,37.3,1,no,southeast,1800.47
53,male,23.9,2,no,northwest,24868.63
18,male,30.5,0,no,northwest,1247.27
35,male,33.7,1,no,northwest,13977.02
39,female,36.4,2,no,southeast,9445.28
32,female,33.1,0,no,southwest,1745.75
59,female,28.5,1,no,northeast,12553.98
22,male,35.2,1,no,southwest,37784.5
32,male,34.2,0,no,northwest,3932.69
21,male,18.3,1,no,southeast,13351.97
42,female,32.1,3,yes,southeast,38427.97
32,female,25.5,2,no,southeast,2126.7
46,female,29.1,2,yes,southeast,4852.71
26,female,31.0,0,no,northeast,2176.32
43,female,35.1,0,no,northeast,5668.83
64,male,22.8,1,no,northeast,8204.39
41,female,20.8,0,yes,southeast,8689.79
25,female,28.7,4,no,southeast,29677.35
27,female,21.8,3,no,northeast,24048.3
24,female,17.5,2,no,northwest,8825.3
25,female,27.6,4,no,southwest,11584.81
22,male,33.9,0,no,northwest,2085.73
42,female,44.8,1,no,northeast,3881.61
19,male,28.5,0,no,northeast,2299.19
44,female,30.7,3,yes,southwest,5701.69
32,male,37.9,0,no,southwest,2152.41
62,female,35.1,2,no,southeast,4347.4
63,male,30.0,2,no,southeast,8244.43
35,female,42.5,3,no,southeast,9629.05
45,female,47.0,1,no,southeast,6612.77
56,male,17.5,2,no,northwest,7826.28
49,female,25.9,1,no,northwest,23386.33
19,female,26.7,0,no,northeast,19616.4
63,female,25.1,2,no,northwest,23891.13
23,female,43.8,2,yes,southeast,40020.88
47,male,26.6,3,no,southwest,9399.11
49,female,35.8,0,no,southwest,1307.77
51,female,36.6,1,no,northeast,9643.23
23,female,30.0,0,no,northwest,5893.15
23,female,31.2,0,no,southeast,8280.42
35,male,27.1,3,no,southwest,8826.47
38,female,33.3,3,no,northwest,6133.41
38,male,21.8,1,no,northeast,6501.06
18,male,32.5,3,no,northeast,1181.52
54,female,33.2,2,no,southeast,9556.37
62,male,19.9,0,no,northeast,9008.43
40,female,36.2,1,no,northeast,6588.12
26,male,33.3,2,no,southwest,11055.23
20,female,35.1,2,no,southeast,8183.17
19,female,24.2,2,no,southwest,35332.41
53,female,41.2,0,no,southeast,6524.76
53,female,29.9,0,no,northeast,1222.43
49,male,31.8,0,no,southeast,1249.71
63,female,31.9,1,no,southeast,5725.44
36,female,21.4,0,no,northwest,2625.27
52,male,24.3,2,no,northwest,10448.0
47,female,28.6,2,no,southwest,7156.76
25,female,38.3,1,yes,southwest,35629.02
54,female,26.1,3,yes,southwest,47536.25
36,male,34.0,2,no,southeast,8475.76
27,male,30.9,1,yes,southwest,35021.44
22,female,37.8,1,no,southwest,18891.44
32,female,17.3,4,no,southeast,1149.62
48,male,39.2,2,yes,southeast,43614.28
18,male,24.6,0,yes,northeast,1209.39
46,male,17.5,3,yes,southwest,7186.42
49,male,41.4,3,no,southeast,9814.1
45,female,21.3,1,no,northeast,8565.5
57,male,27.0,1,yes,southeast,16401.73
49,female,33.9,4,no,northwest,2247.83
20,male,21.4,0,yes,northeast,16846.98
44,female,30.2,2,no,southeast,4266.89
30,female,42.2,1,yes,southeast,50118.45
19,female,28.0,0,no,northeast,2578.43
58,female,30.2,0,no,northeast,4898.83
50,female,29.0,1,no,southeast,2234.38
55,female,23.0,0,no,southwest,12603.99
63,male,37.6,1,no,southwest,5027.9
25,female,41.7,0,no,northeast,9723.71
40,female,36.6,0,no,southwest,7916.04
41,male,30.9,3,no,northeast,6937.95
47,female,40.4,0,no,northeast,5371.34
36,female,33.4,1,no,southeast,13387.55
35,female,36.4,1,no,northwest,6596.82
49,female,17.5,0,yes,southeast,46666.43
53,male,21.5,0,no,southeast,12440.69
28,female,38.7,0,no,northeast,6546.16
50,male,38.3,1,no,southeast,7395.79
48,male,21.9,0,no,southeast,8655.33
20,female,23.2,0,no,southwest,2186.09
40,male,30.8,0,no,northwest,6635.35
21,male,31.4,3,no,southeast,8223.37
51,female,24.2,0,no,northwest,10140.13
20,male,27.1,1,yes,southeast,19713.68
19,male,31.9,0,no,northwest,32765.96
30,female,37.8,1,no,southeast,9169.98
41,male,32.1,0,yes,northwest,2086.94
43,male,25.7,0,yes,northwest,15075.51
37,female,26.2,3,no,southeast,6323.02
29,female,27.5,0,no,southeast,2029.51
32,male,34.6,0,no,northeast,10122.98
24,female,28.5,0,yes,southwest,31319.53
57,female,31.8,2,no,northeast,20647.3
58,male,33.2,0,no,northwest,1626.61
46,female,25.7,0,no,southwest,11633.69
40,male,37.4,1,no,southwest,13052.12
28,female,18.4,2,yes,northwest,43741.89
46,female,33.5,3,no,southeast,6311.47
49,male,26.3,3,yes,northeast,8392.92
26,male,35.2,2,no,northwest,1492.76
49,female,27.0,2,no,northeast,10027.59
61,male,24.3,2,no,northwest,3273.68
33,male,36.9,1,no,northwest,5362.7
36,male,23.9,1,yes,northeast,21610.56
42,female,36.3,1,no,southwest,6986.81
27,female,24.8,0,no,northwest,9751.57
47,female,25.8,0,no,northwest,10988.24
19,female,24.6,1,no,southwest,6374.49
58,female,17.4,0,no,southwest,10792.88
19,female,31.8,0,no,northwest,10676.2
49,female,32.7,2,no,northeast,4397.56
25,male,30.9,1,yes,southwest,50009.85
30,male,17.4,1,yes,northeast,18325.69
23,male,23.6,0,no,northeast,9617.1
21,female,33.4,0,no,southeast,5903.22
39,male,22.3,1,no,northeast,4696.68
31,male,30.7,0,no,southeast,11783.09
39,male,26.6,2,no,southeast,8920.28
43,male,29.5,0,no,northeast,10409.69
57,male,20.9,3,no,northwest,11880.21
46,male,24.1,0,no,northwest,2342.07
30,male,23.4,3,yes,northwest,38356.0
23,male,47.5,0,no,southwest,49799.32
59,female,28.6,4,no,southwest,4349.91
23,male,36.2,2,no,southeast,4062.73
32,female,36.6,0,no,northwest,5038.08
61,female,35.1,1,no,southwest,7754.74
35,female,36.7,2,no,southeast,4996.92
21,male,27.3,4,no,southwest,2439.66
34,male,46.9,5,no,southeast,2868.47
33,female,25.3,0,no,southwest,9822.67
60,male,20.5,2,yes,northwest,23708.26
25,female,31.8,0,no,southeast,7445.57
42,female,27.0,0,no,southeast,5327.6
24,female,26.6,0,no,northwest,5920.69
22,female,34.8,0,no,southwest,19249.93
41,male,22.4,5,yes,southeast,35966.69
27,female,28.0,2,no,northeast,7975.79
30,female,39.1,0,no,southeast,11840.17
30,female,37.4,1,no,northeast,13991.71
49,female,28.0,2,no,northwest,11678.67
28,female,26.4,1,yes,northwest,21153.19
43,female,25.8,3,no,southwest,4797.5
47,female,30.7,2,no,southeast,1799.28
18,female,25.8,1,no,northeast,12379.57
38,male,21.1,0,no,southwest,1869.13
18,female,21.5,1,no,northwest,9242.91
27,female,32.7,1,no,southwest,7301.52
48,male,33.7,0,no,southeast,1162.24
45,male,33.7,0,no,southwest,1398.08
36,male,20.3,2,no,northeast,18846.9
41,male,28.0,0,yes,northeast,5532.36
19,male,25.9,0,no,southwest,2929.17
55,female,29.0,0,no,northwest,16766.7
18,male,25.7,0,no,northeast,10836.94
49,male,23.4,1,no,northeast,19633.97
31,female,37.6,1,no,southwest,13330.14
40,female,33.7,1,yes,southeast,12971.46
63,male,33.3,2,no,northeast,12704.2
40,male,33.0,3,no,southwest,13326.29
30,male,39.3,1,no,northwest,5547.19
41,male,30.5,0,no,northwest,2820.79
52,male,20.6,1,no,northeast,11261.61
64,male,30.8,3,no,southwest,4577.15
22,male,30.1,2,yes,northwest,40102.83
41,female,30.2,2,no,northeast,34257.28
50,female,33.4,1,no,southwest,13385.87
45,male,35.8,4,no,southeast,9455.63
42,female,23.2,0,no,northwest,3567.44
31,female,21.4,0,yes,northwest,6357.59
60,female,38.2,1,no,northeast,13374.29
20,female,32.2,0,no,northeast,2560.96
41,female,32.1,0,no,northeast,2089.65
49,female,28.1,0,no,northeast,11481.17
30,male,35.0,3,no,southwest,2313.37
41,female,26.6,4,no,southwest,4991.93
38,male,28.9,1,no,southeast,5934.95
19,male,32.3,1,no,northeast,2835.77
42,female,33.3,0,no,northwest,3170.06
19,female,26.6,3,no,southwest,14889.02
43,male,21.4,3,no,southeast,6506.88
59,female,36.6,1,no,southwest,12603.81
30,male,37.1,2,no,southeast,6778.85
44,male,17.5,2,no,northwest,17624.75
35,male,38.2,1,no,southwest,10531.69
48,female,21.9,1,no,northeast,9139.13
43,female,23.8,0,no,northwest,8644.69
30,female,24.8,2,yes,southeast,31407.58
23,male,39.9,1,no,southeast,2854.96
55,male,24.6,1,yes,northeast,26602.58
45,male,32.0,0,no,northwest,12940.7
25,female,32.6,0,no,southeast,11752.61
40,male,24.1,0,yes,southwest,6119.18
25,female,21.3,0,no,southeast,2149.18
27,female,32.0,1,no,southeast,4185.28
22,female,28.1,0,no,northwest,5242.54
20,male,43.4,5,no,southeast,3951.03
47,female,27.0,0,no,northwest,6671.12
35,female,23.3,0,no,northeast,5886.47
64,male,32.5,3,no,southeast,6311.48
39,male,29.9,0,no,southwest,2961.99
60,male,33.8,3,no,southwest,12569.91
29,female,27.7,3,no,northwest,15890.93
45,male,24.9,2,no,northwest,17832.78
23,male,37.8,1,no,northwest,3726.22
32,male,25.5,0,no,southwest,9791.04
29,male,30.9,0,no,southwest,6125.51
37,female,28.3,0,no,southeast,8322.4
34,male,25.6,0,yes,northwest,1991.13
38,female,26.7,2,no,northwest,6653.28
36,female,39.2,0,no,southeast,8014.93
48,male,33.3,2,no,southeast,8564.7
26,male,29.6,1,no,southwest,1990.79
35,female,25.0,0,no,northeast,1983.82
46,male,34.1,1,no,southeast,6164.05
33,female,27.8,2,no,northwest,14141.01
29,female,24.1,0,no,southwest,2958.47
45,male,28.4,4,yes,southwest,10809.97
30,male,31.6,2,no,southwest,13304.26
44,female,37.0,2,no,northwest,3982.86
62,male,27.8,2,no,northwest,5241.02
63,male,28.2,0,no,southwest,7178.13
45,female,35.2,2,no,southwest,4914.58
38,male,32.1,0,no,southwest,23227.92
45,female,35.4,2,no,northeast,7900.92
19,male,28.6,4,no,southeast,1730.12
29,male,23.3,0,no,northwest,11126.1
22,female,38.4,0,yes,southeast,44222.78
21,male,30.0,2,yes,southeast,44491.22
62,male,33.2,0,no,southeast,1329.66
44,female,31.1,0,no,northwest,11743.0
29,female,29.6,1,no,northwest,23565.08
34,female,41.6,3,no,northeast,15331.95
19,female,17.3,0,no,northeast,13209.16
18,male,32.5,1,no,southeast,12770.9
60,male,30.2,0,no,southwest,13954.26
36,female,23.2,4,no,northwest,12276.62
19,male,30.1,1,yes,southeast,34953.85
62,female,31.2,2,no,southeast,3960.88
28,male,30.3,0,no,southeast,14930.57
26,male,33.8,1,no,northwest,10899.47
33,female,28.7,3,yes,northwest,23741.28
26,male,39.2,2,no,northeast,13200.2
52,female,19.9,1,no,southeast,14384.45
33,male,30.8,2,no,southeast,10206.87
33,male,21.4,1,no,southwest,5972.09
52,female,21.5,0,no,southeast,8375.54
23,male,27.5,1,no,northwest,6884.59
33,male,35.5,1,no,southeast,4809.44
34,female,38.9,0,no,southeast,9645.62
39,male,24.6,0,no,northwest,4213.6
37,female,28.1,5,yes,southwest,2515.78
59,male,24.8,1,no,northwest,6663.58
28,male,37.7,2,no,southeast,13964.43
53,male,30.1,0,yes,northeast,39146.55
33,male,31.5,1,no,northeast,12699.1
61,female,23.2,2,no,southwest,14309.46
45,male,44.1,2,no,southwest,4223.44
57,female,36.8,0,no,southwest,12638.92
38,male,30.1,1,no,southwest,5570.34
26,female,37.5,1,no,northeast,11723.55
31,male,38.0,1,no,southeast,7964.44
26,female,34.1,0,no,northeast,9236.39
62,male,34.2,1,no,southwest,3024.41
59,female,39.8,0,no,northeast,13384.58
53,female,30.2,3,no,northeast,11950.09
42,male,23.0,0,no,southeast,2050.35
22,male,28.8,4,no,southwest,4959.05
47,female,33.7,2,no,southwest,8414.38
64,female,45.9,0,no,southwest,8699.53
54,female,32.1,0,no,northwest,11316.84
36,female,24.9,4,no,northwest,5226.48
49,male,35.4,3,no,northwest,9878.07
56,male,33.7,1,no,southeast,8532.56
39,male,32.0,2,no,northwest,2765.89
19,male,22.9,0,no,northwest,2673.48
37,male,23.7,1,no,northwest,3550.61
22,male,37.0,2,yes,southeast,46768.73
50,female,31.6,0,no,southwest,1680.71
22,female,34.5,0,no,southeast,3023.16
36,male,41.1,1,no,southeast,7905.31
46,female,36.2,2,no,southwest,7934.63
31,male,27.5,1,no,southeast,9833.06
18,female,30.7,0,no,southwest,34182.96
48,male,28.3,3,no,northeast,6703.31
49,male,22.5,0,no,northeast,1715.58
38,female,38.1,0,no,southeast,8255.85
39,female,27.2,2,no,northwest,6592.05
41,male,17.3,0,no,southeast,44068.05
28,male,27.5,1,no,southeast,8623.89
47,female,17.4,1,no,northwest,5560.17
56,male,34.4,0,no,northwest,10703.81
18,female,31.5,0,no,southeast,4684.75
20,female,24.7,0,no,southwest,8308.26
39,female,34.2,2,no,northwest,3535.6
31,male,27.5,2,no,northeast,12327.08
20,male,22.8,0,no,northeast,30468.15
22,female,31.9,0,no,southeast,14030.16
41,female,38.1,0,no,southwest,13178.81
27,male,21.1,1,no,southeast,10395.23
57,female,22.1,2,yes,southwest,40638.58
60,male,25.4,0,no,southeast,3111.98
27,male,31.7,2,yes,northeast,8060.7
64,male,47.6,1,no,northwest,7513.99
36,male,30.4,3,no,northwest,6303.76
42,female,20.4,0,no,southwest,3329.71
53,male,27.1,2,no,southwest,10086.11
33,female,30.3,0,no,northwest,12111.02
55,male,40.3,2,no,southeast,9715.62
62,female,23.6,2,no,southwest,6863.9
22,female,22.4,2,no,southeast,11902.9
22,male,24.4,1,no,northeast,30236.32
49,female,35.3,2,no,northwest,26234.79
45,male,35.6,2,no,northeast,37925.17
54,female,40.8,0,no,northeast,1626.82
62,female,33.1,3,no,northwest,6022.6
36,male,23.7,3,no,northwest,28651.26
41,female,31.1,1,yes,southeast,14463.2
22,male,30.9,1,no,southeast,1860.76
48,male,39.9,0,no,southwest,4405.32
55,male,37.7,1,no,northwest,11311.32
25,male,28.6,3,no,northeast,2921.72
62,male,37.5,0,no,northeast,7503.04
20,female,30.2,0,no,southeast,1701.08
38,female,32.5,1,no,northeast,13162.27
62,female,30.2,3,no,northeast,12051.57
48,male,36.7,0,yes,northwest,16282.5
27,female,20.1,4,no,southwest,8222.77
25,male,38.1,4,no,southeast,9646.47
25,female,20.2,3,no,northeast,12098.09
19,male,31.7,0,yes,northwest,24266.51
53,female,42.1,0,no,southeast,11915.02
55,female,22.1,0,no,northeast,2215.32
24,male,47.6,0,no,southwest,7752.63
61,male,20.7,2,no,southeast,9427.98
33,male,36.0,0,no,southeast,11774.14
48,male,36.9,4,no,southeast,5701.81
57,male,39.5,0,no,northeast,13231.42
51,female,21.9,0,yes,northeast,11100.36
32,male,35.9,0,no,northwest,3037.57
44,male,32.5,3,no,northeast,6353.27
29,female,25.4,1,no,southwest,12931.32
36,female,34.4,3,no,southeast,5701.29
18,male,40.5,0,no,northeast,1633.12
54,female,44.5,0,no,northeast,12414.22
52,female,24.1,2,no,southwest,8133.19
62,female,26.7,2,yes,northeast,18790.91
25,female,42.5,0,no,southeast,2036.3
51,male,34.2,0,no,southeast,2560.24
27,male,29.5,3,no,southeast,4043.2
40,female,20.8,0,no,northwest,10391.19
56,female,21.7,1,no,southeast,12960.04
22,male,26.2,2,yes,southwest,20067.89
60,male,25.8,1,no,northwest,3579.28
32,male,26.2,1,no,southeast,8331.16
30,male,42.0,2,no,northeast,8767.17
58,male,17.4,1,no,northeast,8526.55
57,female,36.8,0,no,southeast,5278.68
53,female,38.8,0,yes,southwest,14204.5
44,male,27.3,1,no,southwest,7592.6
30,female,27.1,0,yes,southwest,18743.48
49,female,32.1,3,yes,northwest,50733.93
61,female,44.5,0,no,northwest,9575.69
40,female,27.6,1,no,northwest,2051.19
34,male,21.4,1,no,northwest,14402.81
63,female,36.7,1,no,southwest,5880.94
41,male,35.7,0,no,southeast,2537.59
43,female,27.8,0,no,northwest,13075.94
48,male,40.6,3,no,northwest,6315.8
18,male,23.9,0,no,southeast,1616.95
54,female,33.2,2,no,southeast,14450.91
38,male,33.1,2,no,northwest,7599.0
46,male,21.7,2,no,northwest,6761.32
52,male,37.1,0,yes,northeast,16564.4
64,female,25.5,0,no,northwest,1740.4
29,female,24.1,1,yes,northwest,24165.5
46,female,24.0,0,no,southeast,6567.85
54,female,30.9,0,no,southeast,10038.39
55,female,25.3,0,no,northeast,4352.02
48,male,27.3,1,no,southwest,5370.86
62,male,24.9,3,no,southeast,3905.42
30,male,26.0,1,no,southwest,2295.81
28,male,39.6,1,no,southwest,4605.21
62,female,26.6,2,no,northwest,11030.25
63,female,32.8,0,no,northeast,2223.79
25,male,21.4,0,no,northwest,3057.52
45,male,34.4,2,no,southeast,8448.67
44,male,35.2,3,yes,southwest,11346.55
22,male,29.6,1,no,northeast,37116.34
43,male,36.2,1,no,northeast,8448.33
43,female,27.5,0,no,northwest,12942.74
25,female,34.6,1,no,southeast,3337.67
53,female,27.6,1,no,northwest,24618.71
45,male,30.7,0,yes,northwest,48280.38
62,male,30.6,3,no,northwest,4159.12
56,male,47.4,1,no,southwest,4780.9
38,female,37.2,3,yes,southwest,8551.22
20,male,32.1,3,no,northwest,6450.07
39,female,24.6,0,no,southeast,10246.33
27,female,26.9,3,no,northwest,6701.68
62,female,37.3,1,no,southeast,3250.88
22,male,35.5,3,no,southeast,11128.2
35,male,32.8,0,no,northwest,7825.95
18,male,34.9,1,no,southwest,4114.37
57,male,46.4,2,no,southeast,9437.95
47,female,26.0,1,no,southeast,6068.64
47,female,29.7,1,no,southwest,8420.36
36,male,37.2,1,no,northwest,28976.99
62,male,34.4,0,no,northeast,5881.16
58,male,30.9,0,yes,southeast,48952.74
43,male,26.3,1,no,southeast,8181.53
51,male,24.3,1,yes,northeast,9620.26
23,male,26.3,0,no,northeast,13397.98
62,male,31.8,0,no,northwest,6050.17
49,female,34.6,3,yes,southeast,8849.15
62,female,32.1,5,no,southeast,3882.07
39,male,28.9,0,no,southeast,1847.78
59,male,27.3,0,no,southwest,11744.35
42,male,28.5,0,yes,southeast,37761.98
27,female,39.9,0,no,northeast,13191.61
24,male,24.5,3,no,northwest,8415.47
51,female,34.6,1,no,southeast,10498.09
30,male,35.4,0,no,southeast,15101.19
53,male,34.8,1,no,northwest,8347.97
46,male,46.9,1,no,northeast,15784.51
51,female,33.6,0,no,southwest,10227.85
55,male,24.8,2,no,southeast,24767.25
18,female,17.5,0,no,northeast,4882.77
37,female,32.2,2,yes,southeast,43971.61
29,male,34.8,3,no,northwest,6332.41
23,female,28.4,3,no,northeast,7853.5
42,male,26.3,1,no,southwest,2389.71
59,male,27.2,2,yes,northwest,6720.79
47,male,28.9,0,no,southeast,8626.29
41,male,33.4,3,yes,northeast,6270.49
44,female,29.8,1,no,northwest,12125.91
25,male,25.9,0,no,northwest,1624.69
49,male,30.6,2,no,northwest,1620.0
18,male,26.4,0,no,northwest,6314.26
23,male,20.0,2,no,northwest,6413.42
18,male,33.5,0,no,northwest,12596.18
63,female,43.4,0,no,southeast,5825.41
41,female,33.1,3,yes,southeast,40549.16
63,male,32.8,1,no,southeast,4287.86
64,male,21.4,0,yes,northwest,21871.67
29,male,22.9,0,yes,southwest,16856.17
46,female,39.8,1,no,northeast,6748.54
20,female,47.5,0,no,southeast,9473.49
63,female,29.8,4,no,northeast,7183.17
20,male,36.0,2,no,northeast,20669.34
57,male,21.7,0,no,southeast,16128.18
46,female,25.4,1,no,northwest,13105.85
49,male,25.8,0,no,southwest,2983.14
45,male,34.4,1,no,northwest,6211.84
21,female,31.8,3,no,northeast,4460.62
47,male,29.9,1,no,southeast,2077.48
56,female,38.6,1,no,southeast,5830.4
41,female,30.4,2,no,northeast,8254.02
58,female,31.2,2,no,southeast,6235.6
31,male,24.1,4,no,southwest,14173.22
47,female,37.4,2,yes,southeast,38000.72
48,male,32.8,0,no,northeast,35842.14
40,female,35.0,2,no,southwest,17341.74
38,female,38.3,0,no,southeast,9796.7
62,male,25.6,0,no,southwest,10605.55
48,female,23.3,0,no,northwest,2182.17
38,male,18.1,0,no,southeast,5569.98
25,male,24.9,0,no,southwest,5355.15
58,male,35.4,0,no,northwest,1622.7
50,female,32.7,2,yes,southwest,14056.9
62,male,39.4,1,no,southwest,8933.81
46,male,23.7,1,no,northwest,8309.26
26,female,28.5,1,yes,northeast,24161.55
28,male,30.1,1,no,northwest,7360.07
45,male,29.8,4,no,southwest,12847.87
30,female,28.1,2,no,northwest,4656.52
39,male,21.1,0,no,southeast,15371.37
52,female,47.2,2,no,southwest,5416.87
45,female,32.2,3,no,northwest,5410.33
20,female,42.3,0,no,southeast,16469.19
37,female,40.0,0,no,northwest,1181.16
40,female,29.7,3,no,northeast,7761.34
62,female,21.3,0,no,northwest,12195.73
56,male,33.9,3,no,southeast,11353.55
49,male,31.6,1,no,northeast,11195.7
35,male,34.4,1,no,southeast,3517.75
45,male,31.1,0,no,northeast,5409.28
53,female,28.6,3,no,southwest,13445.94
18,male,35.8,1,no,northeast,14260.31
28,female,32.6,2,no,northeast,5449.2
38,female,24.9,1,no,northwest,6036.88
52,female,36.6,2,no,southeast,4914.24
57,male,33.9,0,no,northeast,11571.58
63,female,17.3,5,yes,southwest,6301.75
41,male,37.0,2,no,southeast,5050.01
47,female,34.1,0,no,southwest,23985.28
22,female,35.2,2,no,northwest,4268.97
21,male,37.1,1,yes,southeast,5234.13
29,male,42.4,0,no,northeast,10555.48
19,male,37.0,2,no,southwest,11843.03
40,female,25.4,0,no,southeast,5445.63
53,male,24.0,0,no,northeast,1717.99
46,male,31.0,0,no,southeast,34565.87
22,male,25.7,0,no,northwest,14428.8
28,male,28.6,3,yes,southeast,37223.86
33,male,32.8,2,no,southeast,39211.83
43,male,30.3,3,no,southeast,9174.64
37,female,20.2,1,yes,southwest,19708.72
64,female,26.3,1,yes,northwest,23327.19
39,male,30.4,1,no,southeast,15111.94
22,female,27.4,1,yes,northeast,20198.81
44,female,21.1,2,no,southwest,20158.45
19,male,34.6,1,yes,northwest,24444.76
25,male,35.2,1,no,southwest,2689.35
64,female,37.6,1,no,southeast,13127.28
31,female,38.9,2,no,southeast,12357.59
59,female,37.5,2,no,northwest,22119.31
43,female,32.3,3,no,northeast,9637.08
35,female,31.6,0,no,southwest,2018.66
55,female,17.5,1,no,northeast,27354.93
33,male,47.1,1,no,northwest,8345.81
45,male,34.3,0,no,northeast,3227.28
48,female,27.6,3,no,southwest,4624.2
26,male,17.4,4,no,southwest,2972.93
53,male,26.6,3,no,northwest,15082.65
53,male,37.3,2,no,southwest,6320.7
34,female,29.5,0,no,northeast,34808.99
35,male,34.6,0,no,southwest,33818.4
40,male,36.0,0,no,southeast,6326.34
61,male,32.6,1,no,southwest,4771.01
60,female,35.2,0,no,southeast,11627.14
26,female,32.7,0,no,southeast,14416.34
51,male,33.8,1,no,northeast,20168.06
59,female,28.3,0,no,northwest,12244.19
24,female,34.8,1,no,northwest,9594.49
42,male,25.6,0,no,northeast,17179.11
33,female,25.6,1,no,northwest,13337.73
49,female,44.2,0,no,northwest,9624.02
23,male,28.8,0,no,southwest,2205.35
19,male,33.3,0,no,southwest,1192.91
37,male,32.5,1,no,northwest,6772.62
51,female,39.6,2,no,northeast,9762.49
19,female,21.1,0,no,northwest,1991.87
50,male,30.3,1,no,northwest,12481.78
29,male,44.5,0,no,southwest,27912.55
22,male,32.4,1,no,southeast,11492.1
23,female,34.8,3,no,southwest,40436.91
18,male,30.9,1,no,southwest,1212.22
43,female,25.0,0,yes,northwest,23819.07
36,female,36.1,1,no,southeast,30206.15
18,female,29.6,0,no,southeast,2235.92
48,female,28.2,0,no,southwest,10007.45
44,male,32.3,1,no,northwest,7575.2
20,male,22.0,5,yes,northwest,2751.54
45,male,29.6,2,no,southwest,7836.44
18,female,21.3,1,no,northeast,2253.81
45,male,35.2,0,no,southeast,6618.32
59,male,26.7,0,no,southwest,15067.62
50,female,33.6,0,no,northwest,9757.05
24,female,26.6,2,yes,southeast,8521.58
31,female,32.4,2,no,northeast,10132.48
22,male,39.7,3,no,northwest,5933.35
58,male,35.9,3,no,southeast,12425.01
49,female,38.3,0,no,northeast,20203.13
54,male,37.5,2,no,southeast,3662.38
55,male,24.9,1,no,southwest,2829.93
48,male,27.4,0,yes,southeast,25862.25
19,female,26.7,1,yes,southwest,20140.75
41,male,22.7,1,no,southwest,1922.32
46,male,24.1,0,yes,southeast,22288.04
59,male,27.8,1,no,northwest,14015.25
54,male,22.7,2,no,northeast,10214.19
19,female,24.3,0,no,southwest,3549.39
62,female,17.4,2,no,southwest,31767.5
53,male,20.3,0,no,southeast,5274.79
53,male,27.3,0,no,southwest,10283.71
32,male,29.9,0,no,northwest,4009.69
49,male,28.3,2,yes,southeast,1708.34
52,female,38.8,5,no,northwest,14068.61
39,female,46.8,0,no,southeast,12301.34
48,female,17.3,1,no,northeast,11434.98
56,female,31.7,0,no,southeast,35171.67
50,female,27.6,1,no,northeast,4496.95
24,male,36.7,0,no,northwest,9707.88
18,female,28.3,2,no,northeast,12578.51
63,female,28.1,3,no,southwest,8744.41
47,female,32.3,0,no,southeast,11058.66
63,female,37.8,1,no,southwest,9813.14
40,male,37.6,2,no,northwest,6369.27
43,female,30.9,3,no,southwest,13257.04
29,female,24.9,2,yes,southeast,4141.77
18,female,37.3,0,no,northwest,4647.82
64,female,25.2,0,yes,southeast,16408.93
39,female,29.6,0,no,northwest,41391.02
57,female,25.8,0,no,northeast,2250.98
46,female,30.2,2,no,northwest,9263.36
54,female,27.4,0,no,northeast,2168.55
29,male,29.7,2,yes,southeast,15685.81
20,male,28.3,2,no,northeast,26116.3
59,male,29.7,1,no,southwest,3438.37
44,male,33.8,0,no,southwest,4043.76
62,female,31.5,0,no,southeast,8060.69
35,male,25.2,1,no,southwest,8952.1
54,female,36.7,3,no,northwest,3855.67
38,male,26.2,0,yes,northeast,20020.07
38,male,30.6,1,no,northwest,44950.09
45,male,29.6,0,no,southeast,3922.63
57,male,25.9,1,no,southeast,6404.74
46,female,27.2,2,no,northwest,3585.69
31,female,32.2,1,no,northeast,36941.29
48,female,31.2,2,no,northwest,13991.53
53,male,31.6,2,no,southwest,9767.17
20,female,32.4,0,no,southeast,14303.97
36,male,26.7,0,no,northeast,12043.58
57,female,20.2,1,no,northwest,12598.83
41,female,30.0,0,no,northwest,8713.04
26,male,25.6,0,no,northeast,2193.72
31,female,39.1,0,no,southeast,8814.72
42,male,24.3,2,no,northeast,4262.85
23,male,33.3,3,no,northwest,2789.29
62,female,31.9,2,no,southeast,11254.69
53,female,28.2,1,no,southeast,5289.66
43,female,39.2,1,no,southeast,10473.27
23,female,23.4,2,no,southwest,20987.85
21,male,35.3,3,no,southwest,4763.96
52,female,28.6,0,no,southeast,8264.2
35,male,28.2,2,no,northeast,10571.74
45,female,25.8,0,yes,northwest,16583.72
22,male,34.2,4,no,northeast,34732.48
51,female,33.7,3,no,northeast,9738.36
41,female,17.4,0,no,northwest,23883.96
36,female,35.1,0,no,southwest,12288.13
62,female,28.4,4,no,northeast,8689.57
37,female,23.1,0,no,northwest,5941.81
35,male,31.8,0,no,northwest,16228.87
42,female,23.9,0,no,northeast,19846.58
62,male,27.1,1,no,southwest,7092.27
31,male,21.7,5,no,southwest,8712.64
22,female,38.8,1,no,southwest,19418.68
57,female,36.9,3,yes,northwest,48033.34
21,male,24.4,0,no,southwest,1514.98
37,female,28.3,1,no,northwest,9633.64
27,female,26.3,2,yes,southeast,18216.83
36,female,29.8,0,no,northeast,7318.73
48,female,24.9,0,no,northeast,13457.36
37,female,27.0,0,no,southwest,4692.88
46,female,32.1,1,no,northeast,13192.68
64,male,32.3,0,no,northeast,9880.29
29,male,29.0,1,yes,northwest,7943.07
20,male,47.7,0,no,southeast,3387.15
64,male,28.5,0,no,northwest,10626.01
36,male,30.6,1,no,northeast,2323.83
63,female,26.3,1,no,southwest,5021.64
49,male,25.8,2,no,southeast,9213.24
62,female,33.1,3,yes,northwest,24572.86
29,male,26.5,0,yes,southeast,14838.31
40,female,31.9,0,no,southeast,11854.92
26,male,38.4,0,no,southeast,3098.66
20,female,28.6,0,no,northeast,2289.73
47,female,30.8,3,no,southwest,10893.48
30,male,23.8,0,yes,southeast,27836.76
32,female,24.0,0,yes,northwest,17696.74
18,female,45.5,0,no,southeast,12379.34
28,female,38.3,3,yes,northeast,44453.99
44,female,35.3,0,no,northwest,5262.61
40,male,34.8,1,yes,southeast,42019.29
20,male,27.6,0,no,southwest,2936.65
51,female,35.6,1,no,southwest,12018.99
53,male,27.0,1,no,southwest,13110.17
37,male,40.3,0,no,southeast,27231.09
50,male,26.2,3,yes,northwest,49588.36
43,female,24.1,2,no,southwest,9896.27
58,female,27.3,0,no,northeast,8379.72
54,male,32.8,2,no,southeast,10292.46
56,female,29.3,0,yes,southwest,2509.5
33,female,26.8,0,no,northeast,5265.04
28,male,26.5,2,no,northwest,4297.75
27,male,34.5,0,yes,southeast,43307.64
56,female,25.8,0,no,southwest,3321.32
50,male,28.5,0,no,northeast,2104.6
50,male,25.2,1,no,southeast,13235.53
43,female,25.1,2,no,southeast,5190.7
46,male,35.6,1,no,southwest,20318.91
60,female,18.6,1,yes,northwest,10306.18
63,male,22.1,1,yes,northwest,30501.08
59,female,36.8,1,no,southwest,15510.61
31,female,41.7,2,no,northwest,7190.55
49,female,25.5,2,no,northeast,1184.17
58,male,25.1,2,yes,southwest,11900.6
27,female,26.0,0,no,northwest,3005.73
59,male,27.3,0,no,southwest,8821.87
36,male,29.7,0,no,southeast,18160.01
56,male,33.3,1,no,northeast,9727.68
29,female,32.5,0,no,southwest,1492.29
32,male,28.1,0,no,southeast,13302.89
43,male,33.0,5,no,northwest,12953.2
18,female,33.1,0,no,southeast,12126.98
63,female,20.4,0,no,northeast,13020.62
32,male,38.0,0,no,southwest,8235.31
27,female,30.4,3,no,northwest,29303.66
34,male,40.1,0,no,northwest,6093.34
27,male,38.4,1,no,southwest,11388.24
50,female,27.1,2,no,northwest,7738.26
58,male,28.7,3,yes,southwest,18383.45
29,female,32.9,2,no,southwest,8131.71
24,male,28.7,0,no,northeast,21148.14
22,female,32.5,1,no,southeast,14611.46
24,female,27.0,0,no,northwest,1990.95
29,female,25.6,2,yes,southeast,23747.92
46,male,38.6,1,no,southwest,4098.19
55,female,28.6,0,no,southwest,1747.43
47,male,23.3,2,yes,northeast,35010.87
48,female,34.8,0,no,southeast,5484.74
53,female,27.3,2,no,northeast,9285.96
32,female,38.0,0,no,southeast,13221.97
32,male,25.6,0,no,northeast,16436.98
53,female,33.3,2,no,southwest,11964.24
37,male,32.2,1,no,southeast,38820.18
44,male,28.5,0,yes,southwest,19947.32
54,female,27.6,2,no,southwest,10737.89
42,male,20.0,1,no,southwest,1886.62
38,male,20.6,0,yes,northwest,3549.89
56,female,18.2,0,no,southeast,25875.27
44,male,20.6,2,no,northeast,16193.53
59,male,38.1,2,no,southeast,6195.22
37,male,26.3,0,no,northwest,4559.95
35,female,33.1,1,no,southeast,13431.74
55,female,47.5,0,no,northwest,9817.72
34,male,32.6,3,no,southwest,4163.95
20,female,35.5,1,no,southwest,4984.31
28,male,39.8,0,no,northwest,2440.47
42,female,36.7,0,no,southeast,2399.25
56,male,38.1,3,no,northwest,11548.49
42,male,34.4,1,no,northeast,6685.19
42,female,43.4,0,no,southeast,13651.89
24,female,24.9,2,no,northwest,6674.11
23,male,32.9,1,no,southwest,13279.88
36,female,40.5,2,no,southeast,4762.9
29,male,45.6,1,yes,southeast,37407.25
21,female,29.0,3,no,northwest,11084.02
37,female,34.9,3,no,southwest,7179.33
42,female,25.4,3,yes,southwest,44507.83
62,female,20.6,0,no,southwest,8269.02
26,male,30.3,0,no,northeast,2163.57
40,male,29.7,2,no,northwest,6410.26
59,female,34.1,2,no,northwest,4175.61
30,female,28.7,2,no,southwest,28359.63
19,female,23.7,0,no,northeast,12052.8
41,male,35.6,0,no,southeast,5150.87
37,male,17.4,5,no,southeast,6622.56
29,female,27.2,1,no,northeast,2383.45
25,male,39.2,2,yes,southeast,37550.36
41,male,22.1,0,no,northwest,5740.94
41,male,28.3,2,no,southeast,24231.47
56,female,33.9,3,no,southeast,6506.74
61,female,46.0,0,no,northwest,2081.7
45,male,26.3,0,yes,southeast,17879.65
22,male,39.8,1,yes,southeast,16320.76
61,male,39.6,2,no,southeast,6321.43
48,female,29.6,0,no,northwest,3379.52
59,female,25.3,2,no,southwest,12309.62
40,female,25.6,1,no,southwest,6507.08
22,male,28.9,1,no,northeast,3428.63
22,male,37.4,2,yes,southwest,46966.07
51,male,25.1,1,no,southeast,11245.44
20,male,37.6,1,no,southwest,10793.94
25,female,31.8,0,yes,southeast,34550.99
54,female,43.3,2,no,southeast,9657.11
31,female,33.2,1,no,southeast,12629.18
19,male,24.0,5,yes,southeast,17461.32
43,female,30.1,2,no,southwest,24019.11
48,male,31.8,1,yes,northeast,40738.81
49,male,36.4,0,no,northwest,1215.67
22,female,29.0,3,no,northwest,6440.54
34,female,27.4,0,no,southeast,27982.95
40,male,43.3,1,no,southeast,6778.24
40,female,25.8,2,no,southwest,14818.46
61,female,39.7,0,yes,northwest,5487.22
39,male,29.4,0,no,southwest,5912.49
45,female,23.2,5,no,southwest,13621.87
62,female,30.4,0,no,southeast,11759.74
63,female,22.7,3,yes,northeast,19237.02
43,male,35.8,3,no,southeast,5634.34
60,male,27.1,3,no,northeast,20082.43
46,female,27.3,1,no,northwest,6129.21
48,male,32.6,0,no,northwest,2453.72
49,female,31.7,1,no,northeast,13899.43
30,male,28.1,0,yes,southwest,19685.82
55,male,25.9,1,no,southeast,5799.46
24,male,40.1,2,no,northeast,37172.79
21,female,39.2,1,no,northeast,4619.87
18,male,38.0,0,no,southeast,13029.15
39,male,36.8,1,no,southwest,9312.75
29,female,32.3,0,no,southwest,4960.31
62,female,23.8,4,no,northeast,4148.71
32,female,19.2,0,no,southwest,5184.27
39,female,20.8,2,no,northeast,18662.64
62,male,36.4,3,no,northwest,6391.04
50,female,36.8,3,yes,northwest,4109.2
62,male,41.7,0,no,northeast,6427.9
19,female,27.4,0,no,southeast,10976.19
49,male,27.2,0,no,southwest,11757.36
49,male,27.9,1,yes,northeast,4410.5
29,male,30.8,1,no,northeast,1842.15
62,female,25.7,0,no,southeast,21541.15
46,male,34.1,0,yes,southeast,36267.83
48,female,21.9,1,no,southwest,6873.79
46,male,27.7,1,no,northwest,4390.25
61,female,17.4,3,no,northeast,3318.6
19,female,25.7,0,no,northwest,1623.4
30,male,47.4,0,no,southeast,33021.68
57,female,27.8,1,no,northwest,6618.91
54,male,39.6,1,yes,southeast,50438.7
60,female,21.3,0,no,northeast,8219.75
21,female,34.1,2,no,southeast,8235.59
48,female,25.4,0,no,northeast,12735.46
50,female,29.1,1,no,northwest,13765.17
24,female,39.3,2,no,northeast,7757.94
34,female,31.1,1,no,southwest,7607.94
37,female,36.0,2,no,southwest,8650.86
53,male,32.3,0,yes,northeast,24856.8
54,male,40.9,3,no,southwest,12350.89
61,male,28.9,0,no,southeast,12637.42
35,male,31.7,1,no,northwest,4665.8
45,male,30.6,1,no,southwest,11684.75
49,female,20.2,0,yes,southeast,20495.63
61,female,39.5,1,no,northwest,6329.03
20,female,17.4,3,no,southwest,10097.0
41,female,39.2,1,no,southwest,6908.04
24,male,17.4,2,yes,northeast,15335.89
31,male,30.4,1,no,northeast,4228.28
64,male,34.2,1,no,northeast,3279.38
53,female,28.6,0,no,northwest,25922.92
53,male,30.1,2,no,southwest,11179.34
45,female,24.1,4,no,southeast,2578.83
46,female,35.1,1,no,southwest,3510.92
19,male,31.3,0,no,northwest,1648.33
18,male,36.0,0,no,southwest,10870.71
29,female,24.6,1,no,southeast,4658.27
53,female,39.1,0,no,southeast,2625.98
29,female,28.5,0,no,southeast,1714.97
30,male,31.4,1,no,southwest,13106.8
28,male,31.7,1,no,northwest,13385.7
56,female,26.0,1,yes,northwest,42333.56
53,male,25.7,0,no,northeast,8620.97
19,male,24.8,4,yes,southwest,35188.49
64,female,33.6,2,no,northeast,11724.01
55,male,22.9,1,no,northeast,7480.77
50,male,32.8,3,no,northeast,10359.99
19,female,39.8,2,yes,northwest,8051.71
44,female,40.8,2,no,northwest,13334.98
49,female,34.0,0,no,southeast,11451.32
48,female,30.2,0,yes,southeast,17886.46
39,male,30.4,0,no,southwest,6201.58
59,female,26.3,1,no,southeast,8926.61
53,female,37.1,1,no,southwest,10874.96
63,male,22.4,1,yes,southwest,30189.63
30,male,33.7,0,yes,southeast,39465.5
36,male,27.6,0,no,southeast,9970.28
49,female,29.1,3,no,northwest,20818.46
24,female,36.0,0,no,southeast,6660.66
54,male,25.3,1,no,northwest,10445.17
29,male,34.8,2,yes,southeast,23337.55
42,male,32.7,0,no,northwest,2049.08
52,female,39.7,3,no,northwest,2251.59
55,female,23.3,0,no,southwest,7468.36
60,male,27.0,0,no,southwest,10474.13
36,male,28.9,1,no,northwest,11440.21
24,female,32.0,2,no,northwest,24002.52
61,female,30.2,1,no,northeast,8964.55
41,male,34.7,0,no,southeast,5855.37
30,male,28.8,2,no,northwest,1868.34
33,male,21.8,2,no,northwest,4910.79
19,male,47.3,0,no,southwest,1224.14
45,male,36.2,2,no,southwest,11937.66
60,male,34.8,0,no,northeast,9529.39
39,female,28.7,0,no,southeast,4532.36
36,female,30.2,1,no,northwest,8710.99
40,male,20.8,1,no,northeast,9217.66
33,male,36.5,0,no,northeast,3499.19
22,male,32.8,1,no,southwest,8352.95
18,male,47.2,0,no,southeast,11478.79
60,male,24.1,0,yes,northwest,4163.55
18,female,22.2,1,no,southwest,9864.51
25,male,39.6,0,no,northeast,2744.45
55,female,22.0,0,no,northeast,20437.24
51,male,37.0,0,yes,northwest,47434.23
31,male,27.6,2,no,northwest,2352.89
54,female,28.9,0,no,southwest,10727.36
24,male,34.6,1,no,southwest,8860.03
19,male,21.3,0,no,southwest,4408.15
47,male,24.5,0,no,northwest,2943.43
63,male,27.4,2,no,northwest,2819.91
35,male,34.3,3,yes,southwest,48438.85
62,female,29.8,1,yes,southeast,19555.65
53,female,17.4,3,no,northwest,6741.28
22,male,28.3,2,no,southeast,11696.98
59,male,27.4,3,yes,northeast,37082.9
27,male,37.2,0,no,southeast,8135.98
58,female,19.6,0,no,southeast,3384.04
47,male,37.0,0,no,northwest,4529.67
18,female,38.5,0,yes,southeast,35491.99
38,female,38.3,0,yes,southwest,36085.58
31,female,27.0,0,no,southwest,2045.75
61,male,30.5,1,no,northeast,11079.41
49,female,29.8,0,no,southeast,10593.23
58,female,29.1,0,no,northwest,11803.98
63,female,25.3,0,no,northwest,10372.33
39,female,26.0,0,yes,northwest,28968.27
34,female,35.2,1,no,southeast,7613.13
55,female,47.5,3,no,southeast,5609.03
20,male,24.6,0,yes,southwest,24196.34
61,female,27.7,0,no,southeast,7918.28
31,male,29.6,1,no,southwest,4348.01
58,female,27.6,0,no,northwest,9932.76
46,female,28.2,0,no,northwest,2420.99
63,female,23.2,2,no,northwest,6891.09
61,female,43.8,2,yes,southwest,48328.13
48,female,23.9,2,no,northwest,15755.82
59,male,25.7,3,no,southwest,14044.68
40,female,27.9,1,no,northwest,5969.32
23,male,38.4,1,no,southwest,6081.03
22,male,47.1,3,yes,northeast,41520.54
63,male,36.0,2,no,southeast,6552.74
31,female,34.1,2,no,southwest,19367.49
49,female,32.8,2,no,southwest,4335.46
38,male,24.7,3,no,northwest,43373.33
51,male,28.4,0,no,northeast,14205.14
52,female,26.3,0,yes,southeast,10959.88
44,male,23.6,1,no,northwest,5863.0
51,female,32.6,0,no,northeast,2054.84
36,male,35.3,1,no,southeast,8280.54
33,female,28.3,0,no,northwest,5702.49
57,female,32.3,1,no,northeast,9654.32
22,female,24.2,2,no,southeast,9801.33
38,female,34.8,3,no,southwest,13269.9
63,female,27.0,0,no,northwest,1959.31
34,male,23.7,2,no,southwest,6297.41
44,female,39.0,1,no,southwest,11536.46
35,male,33.7,2,no,northwest,12449.3
31,female,24.0,0,no,northwest,7257.19
33,female,32.3,0,no,northeast,12212.97
22,female,25.9,0,no,southwest,3804.0
38,male,27.3,0,no,northwest,8797.4
39,female,46.0,0,no,southeast,1980.37
31,female,36.5,1,no,southeast,8437.56
63,female,29.0,1,no,southeast,21797.59
35,male,28.0,5,yes,northeast,4819.3
35,female,28.9,3,no,northwest,21446.96
63,male,21.4,2,no,northwest,24540.52
46,female,44.6,0,no,southwest,2859.2
54,female,18.1,0,no,southeast,4241.79
36,male,27.6,1,no,northeast,4931.1
24,male,33.3,2,no,southeast,47034.2
55,female,20.6,0,no,northeast,5449.79
38,male,26.7,3,no,northwest,4583.84
40,female,36.9,1,no,northwest,13377.67
23,female,26.8,0,yes,northeast,31213.38
35,male,37.4,2,no,southeast,8248.39
63,male,31.1,1,no,southwest,2373.88
62,female,32.2,0,no,northwest,3136.39
27,female,29.8,1,no,southeast,15967.69
60,male,33.3,0,no,southeast,2354.99
48,female,37.3,3,no,northeast,14128.62
19,male,25.4,0,yes,northwest,12397.56
37,female,25.0,1,yes,northeast,37418.87
45,female,35.1,2,no,southeast,4783.82
18,male,37.9,0,yes,southwest,31272.19
41,male,30.3,0,no,southwest,4589.51
22,female,28.2,0,no,southwest,9833.43
46,male,37.3,1,no,northwest,9321.58
46,male,30.3,2,no,northwest,4595.45
36,female,39.2,1,no,northwest,4884.96
27,female,20.5,0,no,northwest,2217.33
19,female,35.9,0,yes,southeast,11532.14
48,female,26.6,1,no,northwest,2217.78
61,female,33.5,0,no,northwest,1763.61
63,male,35.3,3,yes,southwest,45229.55
29,male,35.2,2,yes,southeast,37688.56
23,male,31.6,2,no,southwest,10043.63
24,male,38.4,0,no,northeast,14380.46
26,male,33.9,0,no,northwest,21580.68
42,male,23.0,2,yes,northwest,7105.04
58,male,36.3,0,yes,southeast,36494.79
59,female,30.0,0,no,southeast,10925.05
36,male,30.9,3,yes,southwest,4797.96
19,male,27.1,1,no,northwest,11033.52
56,male,26.1,2,no,northwest,10198.4
23,female,28.3,2,no,northwest,2521.9
45,female,21.0,0,yes,southeast,14304.74
38,male,26.8,1,no,northeast,4648.09
40,male,23.9,3,no,northwest,6243.17
49,female,38.7,0,no,southwest,2169.44
55,male,47.2,1,no,northeast,3288.36
58,female,25.0,0,no,southeast,11803.17
53,female,37.4,3,yes,southwest,51371.86
60,female,33.2,2,no,northwest,12019.46
32,female,28.8,4,yes,southeast,12463.7
30,male,31.5,0,no,southeast,1872.93
58,female,24.4,0,no,northwest,13002.62
56,male,33.3,4,no,southwest,2419.98
29,female,20.7,0,yes,northwest,2521.86
21,male,33.6,2,no,northeast,13498.15
27,female,20.6,0,no,northeast,25689.21
22,male,21.2,1,no,northeast,14408.45
64,male,31.2,0,no,northeast,9222.93
54,female,27.6,3,no,northeast,27000.52
24,male,36.6,0,no,northeast,2809.99
61,male,39.6,2,no,southwest,6570.01
53,male,31.1,1,no,northeast,9282.41
57,male,24.0,2,yes,northeast,23173.03
59,male,34.5,3,yes,northwest,34473.65
60,male,35.7,1,no,southeast,3308.99
36,female,30.4,1,no,southwest,7765.68
48,female,28.3,3,no,southwest,7260.98
64,female,19.9,1,no,southwest,11709.11
48,female,34.8,1,no,southwest,13158.39
44,male,34.8,2,no,southeast,4274.84
57,male,34.2,1,no,southeast,4766.88
26,male,23.6,0,no,southeast,12239.31
53,female,39.4,2,no,southeast,5569.56
49,male,30.3,2,no,northwest,8790.39
31,male,31.7,0,no,southeast,42928.73
18,male,32.9,0,no,northeast,1708.61
42,female,37.9,0,no,northwest,7337.8
57,male,46.7,1,no,southwest,11529.43
41,female,27.8,3,no,southwest,7164.9
28,male,36.3,0,no,northeast,6580.27
45,male,34.0,0,no,southwest,13869.97
37,female,33.5,0,no,southwest,8069.2
47,female,27.0,1,no,northwest,4548.02
45,female,35.8,1,no,southwest,2461.46
42,female,31.8,2,no,northeast,7949.03
26,female,20.7,0,no,southwest,12627.89
19,male,34.2,0,no,southeast,1231.77
51,female,35.9,0,no,southeast,37214.13
20,female,41.3,3,no,southeast,8403.89
32,male,29.8,3,no,northwest,5041.53
36,male,29.7,0,no,southeast,5030.51
30,male,40.3,0,no,southeast,18315.39
42,male,36.2,1,no,southeast,6278.63
55,male,26.4,3,no,southeast,8577.12
36,male,30.3,0,no,northwest,12115.84
53,female,23.8,3,no,northeast,26617.62
40,male,37.4,2,no,southwest,7157.4
18,male,34.0,0,no,southeast,1200.2
52,male,27.0,2,no,northeast,9812.42
41,male,26.5,1,no,southeast,8510.31
18,female,17.3,2,no,southwest,2273.13
43,male,32.0,3,no,southwest,9397.25
54,male,36.1,3,yes,southeast,36645.82
52,female,19.6,0,no,northeast,10764.68
29,male,23.7,0,yes,northeast,11223.48
37,male,29.9,1,no,northeast,3818.49
26,male,40.7,0,yes,northeast,34049.35
44,female,28.2,0,yes,northeast,12107.59
58,female,30.4,3,no,southwest,12551.0
62,male,37.2,1,no,southwest,7488.91
45,male,32.0,5,yes,southwest,17059.88
27,male,37.6,0,no,southeast,5295.25
25,female,20.8,3,no,northeast,13836.8
52,female,43.6,2,no,northwest,4575.46
38,male,26.6,0,no,northwest,8586.2
38,male,35.2,1,no,northwest,2412.52
40,male,32.8,2,yes,northwest,48349.92
35,female,31.6,2,no,southwest,12597.76
55,female,17.4,1,no,northwest,11413.33
55,male,29.3,0,no,northeast,14288.47
47,female,31.4,4,no,northeast,8701.25
19,male,21.4,0,no,southwest,8344.87
59,male,21.0,0,no,northeast,2161.82
45,female,28.6,5,no,southeast,7573.53
23,female,25.5,2,no,southeast,6357.92
47,female,26.4,0,no,northeast,2244.06
62,male,21.6,3,yes,northeast,23413.6
27,male,36.8,2,no,southeast,8710.89
31,female,39.9,0,no,southeast,5293.0
19,male,22.8,0,no,southwest,1174.86
32,female,33.0,1,no,northeast,13195.26
60,male,40.4,1,no,southwest,8922.79
27,male,38.3,2,yes,southeast,43516.35
54,male,30.1,0,no,southwest,1629.17
29,male,31.4,1,no,northwest,13154.04
33,male,17.4,3,no,northeast,9638.13
19,female,36.2,0,yes,southwest,36860.55
32,male,29.4,1,no,northeast,9837.82
25,male,34.3,0,no,southwest,9520.42
25,male,25.6,0,no,southwest,1996.85
45,female,40.3,0,no,northwest,3679.57
29,female,22.1,1,no,northwest,7643.24
44,female,42.7,2,no,southeast,18695.07
26,male,31.6,1,no,northwest,12427.41
26,female,39.9,2,no,southwest,12403.12
50,female,39.3,3,yes,southeast,41807.95
34,female,29.5,2,yes,northwest,20217.83
42,female,37.0,0,no,northeast,17170.62
55,male,37.4,2,yes,southwest,35164.73
25,male,27.6,0,no,southeast,2828.88
59,male,26.3,4,no,northwest,14125.94
40,female,30.9,3,no,southwest,4266.19
39,male,32.3,1,no,southeast,6394.3
46,male,28.5,2,yes,southeast,42446.86
53,female,33.9,2,no,southwest,11126.9
18,male,34.8,0,no,southeast,1720.55
62,male,38.8,0,no,southeast,13291.98
19,female,29.9,0,yes,northeast,23755.65
23,female,17.4,3,no,southwest,8049.17
35,male,30.0,3,no,northwest,6964.92
49,female,30.3,3,no,northwest,14399.11
47,female,28.9,0,no,southeast,9225.99
